speaker,island,Word,f0_20.point,f0_50.point,f0_80.point,duration,intensity
AAN,Rarotonga,rave,141.7901334,142.2724681,143.3506209,0.03,39.22013304
AAN,Rarotonga,vaꞌine,263.796187,269.8592842,270.8540935,0.03,52.75762135
AAN,Rarotonga,rava,190.3080861,192.3677323,200.9422508,0.07,39.14364889
AAN,Rarotonga,vaꞌine,150.6417588,152.8012035,149.7237405,0.04,41.91057559
AAN,Rarotonga,raveꞌia,157.397292,158.7987634,162.3012792,0.05,40.76577072
AAN,Rarotonga,vaka,247.6003704,249.6027649,247.6492686,0.03,46.83282108
AAN,Rarotonga,vai,NA,NA,NA,0.03,41.67660961
AAN,Rarotonga,vaka,NA,NA,NA,0.03,39.73061811
AAN,Rarotonga,veritū,158.752115,165.2236299,166.86643,0.03,49.1127036
AAN,Rarotonga,veritūamaroa,208.1408521,207.7260288,207.667534,0.01,48.93585464
AAN,Rarotonga,ava,184.4658058,182.0240632,NA,0.03,43.35298193
AAN,Rarotonga,vaka,146.6907228,147.8852967,143.3726242,0.03,45.00127238
AAN,Rarotonga,rava,183.659779,184.7085848,186.3471399,0.03,51.93686544
AAN,Rarotonga,vaka,296.2178797,294.8951075,295.8770338,0.03,47.66960058
AAN,Rarotonga,vaka,216.0114239,231.487165,245.5591916,0.09,40.88465639
AAN,Rarotonga,vaka,268.4063103,253.7747641,252.9199917,0.04,45.77973276
AAN,Rarotonga,ava,162.5322035,NA,NA,0.03,36.22685906
AAN,Rarotonga,vaka,168.1464989,172.0407315,176.8776062,0.03,43.87317193
AAN,Rarotonga,ꞌakarevaꞌia,179.8239558,182.9558681,180.7558701,0.03,43.57444344
AAN,Rarotonga,vaka,155.3458422,152.729428,159.0961202,0.1,37.61677811
AAN,Rarotonga,vaka,NA,NA,NA,0.03,40.40999094
AAN,Rarotonga,ꞌakarevaꞌia,180.1836331,174.0694998,173.5889386,0.03,44.73979628
AAN,Rarotonga,vaka,NA,NA,NA,0.09,36.41875479
AAN,Rarotonga,vaka,NA,NA,NA,0.03,38.32600045
AAN,Rarotonga,vaka,NA,NA,NA,0.01,20.87145787
AAN,Rarotonga,vaka,186.2937547,186.5871461,194.9928698,0.1,40.30599302
AAN,Rarotonga,vaka,NA,75.87863241,86.15579452,0.03,39.28946411
AAN,Rarotonga,rave,131.3276593,130.6656744,129.6487814,0.01,46.33316259
AAN,Rarotonga,vaꞌine,193.5044104,199.8812403,220.2208021,0.07,40.11250672
AAN,Rarotonga,vaka,143.3733121,147.0356505,147.1921878,0.03,40.77424626
AAN,Rarotonga,avaiki,172.1006703,171.7737452,171.5176689,0.01,45.78803003
AAN,Rarotonga,vaka,191.0184941,192.2337583,187.2159025,0.04,42.41133711
AAN,Rarotonga,avaiki,139.467583,NA,NA,0.07,36.05175787
AAN,Rarotonga,vaka,209.7157553,222.2863867,227.0269698,0.04,47.72985736
AAN,Rarotonga,vaka,NA,NA,NA,0.03,43.25827911
AAN,Rarotonga,vaꞌine,168.1519249,168.6578159,168.7983042,0.03,38.16911251
BPT,Penrhyn,viti,104.3312032,101.364936,99.69442475,0.04,52.20597169
BPT,Penrhyn,vaꞌine,108.8255487,112.1420996,120.1104604,0.13,50.91766941
BPT,Penrhyn,vaitata,107.0759856,112.173721,118.3413135,0.07,49.77139656
BPT,Penrhyn,vaꞌine,111.3748001,114.9545452,122.6850308,0.1,52.92167932
BPT,Penrhyn,vaꞌine,114.3258167,110.7650779,116.1892559,0.17,55.59490666
BPT,Penrhyn,vītī,110.202339,113.9053833,117.7807848,0.15,50.26469534
BPT,Penrhyn,vaiꞌī,109.5062155,119.2598276,126.6536215,0.09,53.28901831
BPT,Penrhyn,ꞌavaiki,104.3426509,108.9993365,116.9206291,0.13,53.63327389
BPT,Penrhyn,vītī,117.5896549,131.38591159999999,181.5015576,0.23,52.3002283
BPT,Penrhyn,ivi,150.6632393,146.4893113,155.1642737,0.1,57.22991349
BPT,Penrhyn,vaꞌine,136.213783,144.827473,165.3665101,0.12,53.53154583
BPT,Penrhyn,rave,180.5943414,164.6514825,170.9080692,0.12,58.47377136
BPT,Penrhyn,vaꞌine,111.3976136,117.6349493,126.2023319,0.09,52.1261963
BPT,Penrhyn,rāvenga,168.1889025,170.1511458,188.9608683,0.1,56.1847685
BPT,Penrhyn,raveꞌanga,181.278225,173.6451338,178.4112613,0.12,61.88195376
BPT,Penrhyn,rāvenga,159.2054194,161.5162478,169.5829281,0.08,58.7849288
BPT,Penrhyn,rāvenga,142.5559869,142.4389329,145.6057142,0.11,57.95896098
BPT,Penrhyn,rāvenga,155.9151164,157.495881,161.429735,0.08,62.76656527
BPT,Penrhyn,ravenga,148.2193269,143.0003978,141.5156215,0.04,56.92533462
BPT,Penrhyn,raveꞌanga,145.6998474,149.8547297,154.2290253,0.09,54.38414868
BPT,Penrhyn,vaitata,125.6839578,139.9776729,147.5401388,0.07,58.44197258
BPT,Penrhyn,rāvenga,185.0291406,187.6945231,195.7217877,0.09,59.59655333
BPT,Penrhyn,vai,135.957079,156.9565318,175.0811286,0.06,59.98042131
BPT,Penrhyn,iva,160.1571867,163.6668838,173.2033711,0.07,56.92299954
BPT,Penrhyn,iva,134.8908105,137.6705245,135.4112285,0.09,55.79775209
BPT,Penrhyn,ravenga,139.3547099,139.8660848,145.3527853,0.12,56.80985692
BPT,Penrhyn,ivi,152.0821601,146.7421502,162.4473679,0.09,57.77213594
BPT,Penrhyn,vai,113.4192498,121.260825,130.521157,0.07,54.39111882
BPT,Penrhyn,ravenga,174.465735,171.6484978,168.3296504,0.03,62.97754163
BPT,Penrhyn,vaitata,108.579008,115.84251,116.9834843,0.06,52.54334818
BPT,Penrhyn,rava,181.751871,147.5406946,148.3667581,0.12,58.34005711
BPT,Penrhyn,varu,134.4295305,149.5411108,155.3489021,0.07,58.65747337
BPT,Penrhyn,viviki,120.8283233,120.8364302,120.8650688,0.01,60.39576919
BPT,Penrhyn,viviki,120.0203686,120.4026801,136.7623052,0.3,60.1416521
BPT,Penrhyn,rava,182.293424,181.9103303,185.3741312,0.09,61.05925601
BPT,Penrhyn,vai,117.4768295,123.7888906,137.4930901,0.16,54.19106739
BPT,Penrhyn,vaitoꞌia,140.7992738,160.8539895,170.510554,0.06,62.59273141
BPT,Penrhyn,viviki,141.9459717,139.1114682,136.285434,0.03,65.33989932
BPT,Penrhyn,viviki,138.5750496,145.3349134,174.9844899,0.28,62.72308806
BPT,Penrhyn,rave,143.1998092,142.2426054,145.7610666,0.1,60.45301952
BPT,Penrhyn,vaitoꞌanga,131.0323384,138.8562327,155.3571441,0.09,55.51405276
BPT,Penrhyn,ivi,157.497484,151.665946,151.6196516,0.13,59.10126818
BPT,Penrhyn,vaitoꞌanga,117.2039546,126.3995942,134.6714493,0.07,57.21626729
BPT,Penrhyn,rava,178.4171081,168.258139,172.2983907,0.11,61.53087159
BPT,Penrhyn,vaitata,108.5671352,112.4813708,113.6897653,0.03,50.32399745
BPT,Penrhyn,rava,148.9447165,145.6566658,146.3485493,0.08,60.41849665
BPT,Penrhyn,vaiꞌī,129.2225269,133.8000804,157.3373163,0.1,56.99211409
BPT,Penrhyn,rava,186.1708734,186.4607159,189.2248826,0.08,55.93618667
BPT,Penrhyn,vītī,153.1535005,141.5983599,138.3777696,0.03,56.31075589
BPT,Penrhyn,vaitata,135.4486076,143.3610267,151.3122688,0.06,53.60514465
BPT,Penrhyn,vai,146.6685722,152.0903933,155.21462,0.06,53.1939389
BPT,Penrhyn,vaitata,140.71954,131.0068245,140.6515387,0.24,55.23662781
BPT,Penrhyn,vaitata,122.9923184,128.6933441,128.8752886,0.07,48.06656658
BPT,Penrhyn,vaitata,165.4618754,174.4785386,187.5200243,0.05,54.75893408
BPT,Penrhyn,vaitata,184.2870475,199.2155802,218.6757161,0.09,52.20762048
BPT,Penrhyn,vaiꞌī,137.0839537,149.5861713,167.5708974,0.06,57.38549022
BPT,Penrhyn,vaitata,121.5687738,129.5462622,139.4176629,0.11,51.50425414
BPT,Penrhyn,rave,117.3607191,115.6371641,122.7000534,0.13,55.1876636
BPT,Penrhyn,vāꞌanga,110.0688189,119.1958916,123.761505,0.11,53.31580656
BPT,Penrhyn,vaiti,NA,NA,NA,0.5,31.25765873
BPT,Penrhyn,ivi,124.1395537,110.3363397,100.6722128,0.16,53.64564467
BPT,Penrhyn,ivi,105.0685399,100.7737665,100.4595347,0.19,48.70063397
BPT,Penrhyn,ivi,161.1152816,157.1753146,153.3101397,0.04,57.68937487
BPT,Penrhyn,vaitata,111.3039042,115.4286633,124.8209914,0.16,50.99085031
BPT,Penrhyn,ivi,171.0589037,149.7729534,136.2487979,0.17,57.09261711
BPT,Penrhyn,vairanga,139.4557174,144.1923897,156.9489348,0.07,56.01495057
BPT,Penrhyn,rava,165.4951252,169.740333,174.6869344,0.12,56.82787172
BPT,Penrhyn,rāvenga,141.9308356,141.0409329,140.0699857,0.07,56.8674613
BPT,Penrhyn,raveꞌanga,162.7500771,166.304878,169.6703078,0.1,59.12137231
BPT,Penrhyn,vaka,132.5274254,138.2028045,139.3052285,0.05,64.2104426
BPT,Penrhyn,ravarava,117.3362326,118.1375716,121.5406612,0.09,57.23782388
BPT,Penrhyn,ravarava,116.93281,NA,NA,0.23,36.73355224
BPT,Penrhyn,raverave,116.2356725,118.2682516,120.3250106,0.06,55.39611495
BPT,Penrhyn,raverave,114.0674712,114.729703,116.6060068,0.06,56.54212512
BPT,Penrhyn,vaerua,134.1689926,135.447333,139.9922501,0.11,58.18706916
BPT,Penrhyn,ravenga,158.0231705,164.6269813,170.5696847,0.08,60.82922312
BPT,Penrhyn,vairanga,118.6297678,125.566899,133.3337977,0.06,56.81565659
BPT,Penrhyn,vānanga,103.2480819,106.2934984,115.7886037,0.13,57.12623164
BPT,Penrhyn,rava,189.4685335,189.1101321,192.5239296,0.07,60.95966959
BPT,Penrhyn,vai,158.6824692,162.6466796,172.2179101,0.06,56.96777373
BPT,Penrhyn,rava,128.2277296,133.2186279,134.0139214,0.11,57.07831634
BPT,Penrhyn,vaitata,157.9307455,164.2961218,184.4254076,0.1,53.3627867
BPT,Penrhyn,vaitata,156.3881774,159.5864206,173.077523,0.1,52.02688648
BPT,Penrhyn,vaitata,170.1162922,182.1840404,197.701475,0.06,55.40157978
BPT,Penrhyn,rava,133.0123719,133.8861909,132.1861729,0.08,60.38664198
BPT,Penrhyn,vai,123.0662741,128.7398155,137.6207674,0.11,54.70829895
BPT,Penrhyn,vai,142.9471354,145.6572833,175.4001644,0.1,56.08924566
BPT,Penrhyn,ravenga,174.8597575,184.5101994,192.9787797,0.07,65.48486511
BPT,Penrhyn,rava,180.1648075,176.4611111,185.22773,0.1,59.31413158
BPT,Penrhyn,ravakai,129.5948449,136.4589103,142.7309049,0.1,43.15205883
BPT,Penrhyn,ravakai,133.3602692,134.934831,133.2449196,0.08,45.28081447
BPT,Penrhyn,rava,157.0382159,147.9402119,142.9342027,0.13,40.45632049
BPT,Penrhyn,kave,127.0040297,122.229538,116.075169,0.05,44.85854898
BPT,Penrhyn,vaiau,105.0806963,108.7789382,115.8184227,0.07,39.36207601
BPT,Penrhyn,vāꞌine,112.4845339,122.4683452,148.1858281,0.13,39.55108172
BPT,Penrhyn,rāvenga,145.8939219,148.6484698,159.2070034,0.07,39.38369534
BPT,Penrhyn,vāꞌine,144.6129702,164.0638183,170.7727681,0.06,46.99580985
BPT,Penrhyn,vaꞌine,128.0082248,135.0238844,140.6977044,0.05,46.81457395
BPT,Penrhyn,vāꞌine,108.6255522,110.9837707,108.3259624,0.05,44.76034721
BPT,Penrhyn,raveꞌia,104.0299673,104.5294396,107.9883955,0.08,41.0834437
BPT,Penrhyn,veri,161.5872803,167.7841276,178.2548209,0.04,48.30368933
BPT,Penrhyn,vāꞌine,116.6192369,116.6312232,114.9306303,0.05,45.71459017
BPT,Penrhyn,viviki,151.3955301,154.7053455,157.3734857,0.05,44.88501109
BPT,Penrhyn,viviki,152.0378728,149.4653717,161.6678668,0.1,39.69093515
BPT,Penrhyn,vāꞌine,135.6169705,143.3832668,146.5260596,0.06,44.1722836
BPT,Penrhyn,vāꞌine,119.5092075,132.0554468,135.6465218,0.06,39.18362197
BPT,Penrhyn,rave,130.5174337,137.9977913,130.3023037,0.09,42.20559579
BPT,Penrhyn,vaerua,111.0450635,114.2845107,115.2188854,0.04,43.530748440000004
BPT,Penrhyn,vaerua,115.5652349,117.2683939,116.0465709,0.06,45.04249518
BPT,Penrhyn,rava,160.1361632,163.0369316,168.1126379,0.08,41.00019485
BPT,Penrhyn,vai,146.8499738,159.1920028,168.009064,0.05,52.9111211
BPT,Penrhyn,viviki,139.7223729,140.999973,141.573291,0.04,43.91806852
BPT,Penrhyn,viviki,133.9780836,133.8830975,140.17895,0.12,37.98878602
BPT,Penrhyn,vai,116.7897177,124.601691,143.6442388,0.11,36.04849692
BPT,Penrhyn,vai,116.3475991,119.9740042,119.371593,0.04,49.98406794
BPT,Penrhyn,rave,182.7442459,180.5663807,179.8996557,0.03,50.94742202
BPT,Penrhyn,vāꞌi,145.6732483,151.7857029,155.5715908,0.05,54.45610819
BPT,Penrhyn,nukuteveri,126.4545411,123.5800238,120.7609606,0.03,51.27771753
BPT,Penrhyn,vaꞌine,146.621261,150.1030976,151.8240073,0.03,47.3011313
BPT,Penrhyn,vaꞌine,131.2353221,133.4694097,132.1475481,0.04,49.44755068
BPT,Penrhyn,vaiau,140.9610415,150.6805923,155.3000478,0.05,52.96100782
BPT,Penrhyn,mākave,178.1293074,177.3270517,175.8434736,0.03,61.48731736
BPT,Penrhyn,vaꞌine,143.3624942,146.4651241,145.2429859,0.03,45.66222598
BPT,Penrhyn,tūrāvaꞌo,NA,78.55407009,152.0221519,0.09,44.20497084
BPT,Penrhyn,vāꞌine,136.6070111,146.197872,150.7347927,0.05,47.77053668
BPT,Penrhyn,vaꞌine,109.5829464,110.5874441,108.439822,0.04,44.15040553
BPT,Penrhyn,vai,122.1342393,128.136616,132.953665,0.06,42.56053632
BPT,Penrhyn,rava,134.2467912,134.1132972,132.960003,0.09,49.40478555
BPT,Penrhyn,vai,120.1024761,128.2908813,142.0090856,0.12,35.52920297
BPT,Penrhyn,vai,111.2962174,121.3022412,139.3177,0.12,34.87160861
BPT,Penrhyn,tumutevarovaro,118.0991587,118.0532824,117.396673,0.03,48.26146024
BPT,Penrhyn,tumutevarovaro,108.2120154,116.6543009,121.0857513,0.07,39.31340168
BPT,Penrhyn,kiva,173.3413092,170.7449326,167.7364989,0.01,45.36631081
BPT,Penrhyn,vai,115.1867233,116.2294676,114.9417498,0.04,43.96152386
BPT,Penrhyn,vai,133.8115171,142.9078175,146.5203286,0.04,46.37939348
BPT,Penrhyn,ravakai,165.0052018,160.2522273,153.6493654,0.1,39.35964758
BPT,Penrhyn,ravakai,145.2510674,146.4802292,150.6762555,0.09,38.66290297
BPT,Penrhyn,viviki,134.0327092,137.1465982,137.8811098,0.03,36.68112602
BPT,Penrhyn,viviki,140.1605232,139.2904408,137.7638877,0.03,44.39455079
BPT,Penrhyn,vaka,134.4604442,135.3802558,134.7469414,0.05,50.80002844
BPT,Penrhyn,ravakai,114.6854914,116.7053215,124.3639525,0.11,31.56377803
BPT,Penrhyn,vaka,114.6885944,115.0669607,114.4148344,0.03,46.19954957
BPT,Penrhyn,rāvenga,137.1626202,148.5068666,158.0392182,0.05,41.20134398
BPT,Penrhyn,rāvenga,144.0014924,143.179397,140.7946132,0.1,35.78666651
BPT,Penrhyn,rāvenga,154.7291027,153.7359261,153.2944181,0.03,43.60150703
BPT,Penrhyn,rava,152.4502167,153.9509916,159.6338534,0.11,37.43775444
BPT,Penrhyn,rave,177.6274067,172.9542371,183.4937809,0.09,43.2130405
BPT,Penrhyn,vairanga,163.9256038,172.1123253,175.6734157,0.03,52.40909674
BPT,Penrhyn,vaꞌo,121.0500999,128.2977021,141.3678697,0.15,34.26696454
BPT,Penrhyn,rava,165.2024265,162.2145434,158.7396709,0.09,43.70193866
BPT,Penrhyn,rāvenga,136.2921634,135.320884,134.2508827,0.03,47.81740945
BPT,Penrhyn,vaka,132.4324181,137.9431686,137.4988689,0.04,51.16278708
BPT,Penrhyn,vaka,137.1871242,138.8379521,138.4592783,0.04,49.20575372
BPT,Penrhyn,ꞌakavaitata,113.5323957,120.9547779,135.171299,0.12,34.85165755
BPT,Penrhyn,vaka,118.8597131,121.5537781,122.7356386,0.03,47.74527788
BPT,Penrhyn,rava,108.6885766,103.617461,106.3734433,0.13,38.10400615
BPT,Penrhyn,vaka,121.1621672,122.8728122,124.0237625,0.05,48.63645838
BPT,Penrhyn,viviki,179.4891503,178.5676233,177.4028945,0.03,56.31589312
BPT,Penrhyn,viviki,169.6131667,167.4507769,161.2956164,0.03,47.51789719
BPT,Penrhyn,vaka,140.169216,147.6469791,152.174165,0.06,39.88671498
BPT,Penrhyn,vaka,147.3561357,149.8888812,152.0700422,0.03,47.67310949
BPT,Penrhyn,rava,137.6285273,137.720907,138.5891991,0.1,36.92277718
BPT,Penrhyn,rave,117.0717013,117.6678966,118.0148468,0.03,46.50390823
BPT,Penrhyn,rave,152.7093829,150.0013033,152.9838921,0.08,41.38583025
BPT,Penrhyn,vai,153.5574089,161.7845992,167.471907,0.04,51.04056788
BPT,Penrhyn,viviki,134.8969605,134.7451728,134.8944285,0.03,36.92982472
BPT,Penrhyn,viviki,140.4229757,141.1617942,141.4934214,0.03,42.63010498
BPT,Penrhyn,vaka,152.9316568,155.8599242,157.1989995,0.04,51.29828265
BPT,Penrhyn,ravakai,109.8744184,109.2063876,112.7581734,0.06,45.5601819
BPT,Penrhyn,rāvenga,127.0448349,120.7562738,112.564076,0.03,49.0933429
JA,Mauke,vai,226.1275036,233.0005735,241.7653746,0.06,69.73564094
JA,Mauke,vera,244.2861042,249.5851164,256.5652008,0.03,68.06962535
JA,Mauke,vaꞌine,152.7630104,162.7439975,183.9771685,0.07,61.60228627
JA,Mauke,vaerua,149.1508685,155.6602883,167.6400533,0.05,57.58499052
JA,Mauke,vaꞌine,244.3371713,160.0927683,160.0453833,0.03,63.16885038
JA,Mauke,tāviriviri,175.1174345,175.9487167,177.5554244,0.03,76.396285
JA,Mauke,tāviriviri,174.4379536,170.8537063,173.8916622,0.08,69.00580188
JA,Mauke,rave,187.9570489,189.194034,190.7070877,0.05,69.39365361
JA,Mauke,rave,183.5227887,185.6435982,188.6248842,0.05,74.03376784
JA,Mauke,tāreva,237.6046279,238.3324116,237.172801,0.03,81.36608599
JA,Mauke,kava,192.3977734,195.373631,201.7561681,0.09,64.41665549
JA,Mauke,vā,137.5875268,143.500323,157.1039313,0.1,59.83168536
JA,Mauke,vaꞌine,154.7343005,164.1496971,178.1672999,0.07,54.41418992
JA,Mauke,avaava,136.9961276,136.9873555,NA,0.09,59.06437758
JA,Mauke,avaava,92.50674214,97.23923117,100.6175125,0.03,58.78219286
JA,Mauke,varani,136.0522108,137.4560436,141.2230875,0.03,62.99451355
JA,Mauke,rave,155.6618501,152.845785,157.1979086,0.07,58.43320031
JA,Mauke,tīvī,81.15889576,80.69193304,81.27862741,0.14,73.95688632
JA,Mauke,vaꞌo,190.8651226,190.3786415,191.2130888,0.03,67.56462181
JA,Mauke,vairākau,137.842439,145.8866125,151.863418,0.09,61.94583175
JA,Mauke,raveꞌia,147.4959769,150.5171194,152.8984515,0.06,68.53841341
JA,Mauke,vaꞌo,147.1165284,148.0406373,180.0264866,0.11,59.7345786
JA,Mauke,veꞌeveꞌe,149.5569535,161.3654865,176.0928786,0.05,65.49871969
JA,Mauke,veꞌeveꞌe,166.3389245,167.8531779,175.2139943,0.08,64.72736464
JA,Mauke,vave,188.199121,183.9761466,195.9094894,0.07,68.34441178
JA,Mauke,vave,212.9198393,208.592168,210.2897677,0.06,72.36587272
JA,Mauke,raveꞌia,145.9501708,143.7178401,147.1594759,0.07,62.23447446
JA,Mauke,vaꞌo,211.8326464,210.0498327,207.5027698,0.05,68.74733925
JA,Mauke,varaire,167.6134907,174.3446535,185.583118,0.05,62.4894761
JA,Mauke,vaꞌo,152.1855547,152.856354,153.5271534,0.01,63.20225854
JA,Mauke,rave,144.1449199,144.8645715,146.7781859,0.06,65.83451081
JA,Mauke,raveꞌia,158.9104014,158.0303064,161.4448095,0.04,66.94269864
JA,Mauke,vaꞌine,136.624234,148.5622426,170.0862551,0.09,62.48959113
JA,Mauke,vave,189.3525454,189.0101585,194.4820789,0.07,68.20721107
JA,Mauke,vave,174.4507855,173.9649879,173.8993727,0.06,71.60985613
JA,Mauke,vairākau,137.6761487,147.8416133,161.4220323,0.05,50.12309287
JA,Mauke,ꞌāviri,169.7026681,169.5229581,179.8865905,0.06,71.51323204
JA,Mauke,rave,126.7766178,127.1707114,127.6285564,0.01,68.77563755
JA,Mauke,avaavaꞌia,141.9898105,141.7334312,142.5312331,0.06,67.22457723
JA,Mauke,avaavaꞌia,136.1776756,135.8406994,137.000917,0.06,66.00352248
JA,Mauke,vave,133.0420237,137.6073801,144.8694527,0.07,64.87554951
JA,Mauke,vave,136.1619358,140.0664017,141.8041332,0.08,62.77390271
JA,Mauke,rava,178.1510762,176.3885252,174.528934,0.04,75.3157848
JA,Mauke,improveꞌia,173.7703336,175.9805259,175.2651582,0.03,70.8633727
JA,Mauke,rave,148.5026825,144.3357392,144.9454232,0.06,64.22086807
JA,Mauke,raveꞌia,149.903398,149.8977627,149.71121779999999,0.05,65.3833739
JA,Mauke,vaꞌa,273.4506198,276.2734824,279.0569042,0.04,73.50972491
JA,Mauke,vāvā,169.8293975,164.6078009,167.3643022,0.07,66.18733151
JA,Mauke,vāvā,152.6463953,151.9011989,152.2361541,0.05,68.92049431
JA,Mauke,ꞌakavaꞌavaꞌva,181.0071036,183.8903647,188.6938125,0.06,63.45366928
JA,Mauke,ꞌakavaꞌavaꞌva,186.2548529,188.2575011,190.1152815,0.05,65.37936243
JA,Mauke,ꞌakavaꞌavaꞌva,80.12234524,79.27915519,82.43184323,0.03,63.19076832
JA,Mauke,vaꞌine,140.6296458,149.0833045,161.6926714,0.05,64.29105198
JA,Mauke,raveꞌia,169.1210086,168.6446765,166.0709564,0.07,66.94056584
JA,Mauke,raveꞌia,140.2453972,142.7888344,145.6347279,0.06,66.52777745
JA,Mauke,vai,143.7525829,150.7205387,169.5831901,0.08,67.89555639
JA,Mauke,vave,180.1226978,184.9027192,197.2678761,0.07,69.5609507
JA,Mauke,vave,165.7524329,170.9157715,177.3671955,0.07,66.2787388
JA,Mauke,vinivini,154.1374784,159.3215011,171.7456658,0.1,72.1961256
JA,Mauke,vinivini,208.1349257,210.9649898,215.4549543,0.03,78.28020117
JA,Mauke,viriꞌia,143.5310219,149.5936627,154.4143079,0.12,56.65992776
JA,Mauke,vitiviti,145.1419984,149.5714999,156.4660182,0.07,72.6236765
JA,Mauke,vitiviti,167.9479465,170.0772103,175.0620848,0.05,70.84449718
JA,Mauke,ꞌakavaꞌavaꞌaꞌia,153.1933306,156.1327699,165.3945937,0.07,69.07529871
JA,Mauke,ꞌakavaꞌavaꞌaꞌia,158.8986733,162.143812,170.8202322,0.08,68.19423598
JA,Mauke,rave,157.8517549,160.8795781,164.4011596,0.05,68.72939982
JA,Mauke,vaito,216.9936348,219.2044956,222.9276706,0.03,70.4001664
JA,Mauke,varaini,234.8820479,236.9619978,247.5093028,0.05,64.45352881
JA,Mauke,ꞌakavaꞌavaꞌa,164.05256,171.4008307,185.2650599,0.08,69.55848265
JA,Mauke,ꞌakavaꞌavaꞌa,176.8849416,177.7384202,178.0267969,0.07,63.45704366
JA,Mauke,ava,185.2733275,186.1659552,187.3166645,0.04,68.01278454
JA,Mauke,navenave,140.6388868,141.5867014,145.0958161,0.06,65.01625652
JA,Mauke,navenave,167.081669,89.98980562,113.111539,0.06,58.7924096
JA,Mauke,vāvia,155.066095,159.5639642,166.0719265,0.08,63.63187745
JA,Mauke,vāvia,179.258491,183.3972304,186.7400364,0.04,71.0878581
JA,Mauke,viriꞌia,136.7023581,144.4644038,156.7076503,0.13,57.02141104
JA,Mauke,varani,150.0585735,160.1121195,178.4361131,0.06,62.60097377
JA,Mauke,rave,169.5544357,168.7492194,169.8112273,0.06,74.32010724
JA,Mauke,varani,NA,135.5732406,138.0232348,0.06,53.31219707
JA,Mauke,rava,183.6084616,184.6497845,189.4235712,0.06,75.87600672
JA,Mauke,vaꞌo,141.0455691,154.6958393,175.0892276,0.11,67.65290124
JA,Mauke,reva,140.3221742,134.737322,131.851001,0.04,69.01074226
JA,Mauke,vave,152.023514,155.4371596,159.0681244,0.03,67.87800042
JA,Mauke,vave,154.6772565,152.3634739,160.6815782,0.07,61.48577996
JA,Mauke,rava,177.4581568,178.0216853,180.0296727,0.04,68.48481756
JA,Mauke,vaivai,146.3796912,143.5419103,160.2176266,0.09,62.2302894
JA,Mauke,vaivai,168.4888071,154.6348052,152.9296871,0.09,64.54481035
JA,Mauke,tīvī,204.5861288,205.7013614,210.6727741,0.06,73.3514347
JA,Mauke,rave,147.3684133,145.4566624,146.4089842,0.05,67.85252199
JA,Mauke,vaꞌine,NA,132.4629891,144.6938926,0.16,67.61158907
JA,Mauke,vavia,157.6323997,161.9286047,162.506811,0.04,67.19514809
JA,Mauke,vavia,161.7447281,163.3661957,165.6333009,0.05,72.92984808
JA,Mauke,varani,227.3651534,235.5582778,245.0184616,0.06,62.55899677
JA,Mauke,varani,142.3996034,142.4297184,150.3182471,0.06,58.99536965
JA,Mauke,vaerua,156.0218098,169.7806547,177.5540732,0.04,61.87538976
JA,Mauke,ꞌārāvei,147.9320675,150.9252764,157.6969686,0.07,61.77989014
JA,Mauke,varu,152.7443289,150.4722563,162.230783,0.1,64.48921147
JA,Mauke,viꞌiviꞌi,163.3281186,165.2256389,167.086597,0.03,65.079901950000007
JA,Mauke,viꞌiviꞌi,173.2988715,168.9427073,165.2604188,0.03,63.80546863
JA,Mauke,kivi,249.1870328,254.2607851,258.3964413,0.06,72.27929603
JA,Mauke,ꞌānēnevaꞌia,227.8980123,224.4299403,230.6198918,0.07,65.38226447
JA,Mauke,rave,200.5693818,203.8721683,213.9498396,0.06,62.88876155
JA,Mauke,raveꞌia,178.5163985,179.2012251,179.8186297,0.07,71.39655362
JA,Mauke,vaere,NA,NA,142.5266956,0.08,55.41596595
JA,Mauke,rave,154.6219,155.7159783,159.102796,0.06,67.27443629
JA,Mauke,ꞌārāvei,131.9723427,132.4522853,134.4579604,0.05,63.71752668
JA,Mauke,ꞌāvata,NA,NA,NA,0.08,60.36234449
JA,Mauke,varani,192.7154494,195.5308992,207.5040991,0.06,64.61520818
JA,Mauke,vaꞌine,164.7770975,171.5065817,191.585314,0.07,65.00128735
JA,Mauke,vai,130.0314408,142.3882054,155.6485485,0.11,63.32646416
JA,Mauke,veravera,155.0028679,159.071489,171.9267408,0.05,59.93000491
JA,Mauke,veravera,164.5499902,165.1932054,175.3379108,0.1,64.93838014
JA,Mauke,tīvaivai,179.1822737,174.9796538,182.1078894,0.14,64.55988531
JA,Mauke,tīvaivai,157.2432284,138.7920284,127.10735,0.14,50.76318348
JA,Mauke,vaꞌine,186.9425904,189.878489,204.0392889,0.07,65.10140767
JA,Mauke,vaꞌine,144.661241,150.9435821,161.0891386,0.09,61.38332828
JA,Mauke,ꞌakavaꞌavaꞌaꞌia,155.6484575,161.8798363,170.0921859,0.07,64.84900539
JA,Mauke,ꞌakavaꞌavaꞌaꞌia,162.326192,159.9119954,160.0356657,0.06,68.30861913
JA,Mauke,varea,161.8273244,157.4074871,160.3446777,0.05,64.56958748
JA,Mauke,vaꞌo,149.006623,153.3737594,156.3627114,0.03,60.0016919
JA,Mauke,vāvā,158.5222384,157.4633742,173.2490658,0.09,53.20681696
JA,Mauke,vāvā,164.1294807,169.6557517,186.8484537,0.09,63.23939212
JA,Mauke,rave,132.3264251,161.5301071,157.9660998,0.06,61.5360533
JA,Mauke,vavia,272.6920222,275.0865773,278.0448118,0.03,71.0052729
JA,Mauke,vavia,272.7398643,271.1397035,269.4503258,0.03,76.2465234
JA,Mauke,ꞌārāvei,178.9923507,178.8593211,179.0838723,0.03,70.49913304
JA,Mauke,vetiꞌia,151.7519487,151.200705,150.45786,0.01,70.35433728
JA,Mauke,raveꞌia,172.4273886,171.1104192,175.0281664,0.06,66.79227161
JA,Mauke,vaiꞌi,139.9508245,144.9643881,157.9592167,0.08,59.04318948
JA,Mauke,vī,135.9981816,137.9717352,146.8411224,0.06,64.68891263
JA,Mauke,vāvia,177.7311428,183.0455409,195.233189,0.08,65.72240724
JA,Mauke,vāvia,283.3863742,262.8627366,155.4690228,0.05,70.43814618
JA,Mauke,vaꞌo,162.4284965,165.1920154,168.5048759,0.03,72.52772307
JA,Mauke,rave,148.8826134,151.1008402,157.5812236,0.04,63.92271783
JA,Mauke,vaꞌo,138.4319151,147.5565309,162.7958463,0.06,61.98312726
JA,Mauke,vaitata,NA,NA,NA,0.03,65.95914812
JA,Mauke,vaꞌī,86.98322804,100.5773791,142.3591767,0.12,54.58077127
JA,Mauke,vinivini,95.79048252,92.33738305,186.8499439,0.25,56.93747772
JA,Mauke,vinivini,193.692661,192.5580419,191.8066443,0.03,68.48032746
JA,Mauke,vaꞌī,NA,NA,NA,0.07,62.44239081
JA,Mauke,vaꞌo,163.1849783,170.1145992,165.512843,0.14,62.04442282
JA,Mauke,viviki,153.8070649,157.2275221,162.8253269,0.07,69.24045383
JA,Mauke,viviki,163.7004089,160.5461706,172.264185,0.15,66.85675922
JA,Mauke,avaava,179.4806776,175.1050425,176.3407266,0.11,70.57135788
JA,Mauke,avaava,164.5360177,163.9768953,165.2485849,0.11,66.06793705
JA,Mauke,vareaꞌia,NA,NA,NA,0.04,60.34100039
JA,Mauke,vai,192.679612,198.705688,210.1587987,0.05,51.87535796
JA,Mauke,vaꞌiē,166.0950312,170.628806,168.3936264,0.04,51.66177263
JA,Mauke,vai,162.3425001,167.0610653,169.3565923,0.03,49.664594
JA,Mauke,vai,NA,NA,187.1474362,0.05,50.56497719
JA,Mauke,vari,222.9769445,226.8108681,261.5233406,0.04,45.41960826
JA,Mauke,vaꞌarua,202.2599007,201.2159468,199.7479419,0.03,55.7441331
JA,Mauke,vai,196.849752,201.6476295,229.0787002,0.07,41.24224135
JA,Mauke,vai,146.4654804,155.9483355,165.9831009,0.05,46.4934347
JA,Mauke,vai,166.632373,186.8255691,191.5059725,0.05,48.08820808
JA,Mauke,vai,163.2348649,174.8355647,177.2701031,0.05,48.04348545
JA,Mauke,vaꞌo,187.707483,215.4732686,244.4667694,0.04,49.92710893
JA,Mauke,vaꞌo,164.2970375,171.4993684,180.455912,0.03,40.88680303
JA,Mauke,vaꞌo,145.8751872,168.3603532,197.2666953,0.06,35.30546991
JA,Mauke,vaꞌo,163.3902156,170.0873018,185.387659,0.03,39.39221134
JA,Mauke,vaꞌiē,223.4941825,247.5538217,259.6280861,0.05,51.28037725
JA,Mauke,vaꞌiē,138.3586564,141.9407513,149.3902113,0.05,43.1010413
JE,Mauke,vai,173.7194027,189.1606294,210.8442269,0.09,49.98361971
JE,Mauke,vēꞌī,163.9181471,161.1925387,166.5254337,0.07,47.71697819
JE,Mauke,vai,173.7194027,189.1606294,210.8442269,0.09,49.98361971
JE,Mauke,vēꞌī,163.9181471,161.1925387,166.5254337,0.07,47.71697819
JE,Mauke,rava,173.1933524,177.4197958,181.6532087,0.07,47.66880798
JE,Mauke,vaka,172.7651084,186.8870362,206.154831,0.13,52.48959634
JE,Mauke,vaka,151.5922231,163.3950051,192.1302625,0.11,50.7924349
JE,Mauke,vaka,173.0535145,175.7828689,184.5268907,0.11,51.04967252
JE,Mauke,vaka,167.623214,190.2181101,217.8946182,0.08,54.97290171
JE,Mauke,vaka,214.3180805,201.4412865,205.7069704,0.08,54.6870752
JE,Mauke,vao,154.1528369,NA,181.7010523,0.09,50.42527402
JE,Mauke,vaka,169.7680067,167.5536777,168.199525,0.07,51.66256109
JE,Mauke,vai,148.1670642,155.569814,180.0478265,0.12,52.71033444
JE,Mauke,tuāꞌivi,149.1171675,150.7840091,166.5520756,0.07,53.8846102
JE,Mauke,tuāꞌivi,157.4461392,150.8489974,154.5661352,0.09,55.63070695
JE,Mauke,vaka,183.4697026,208.7412978,237.2457889,0.09,55.34994795
JE,Mauke,tuāꞌivi,143.6535607,142.2788794,140.4011331,0.08,50.26553315
JE,Mauke,vaka,173.2599066,180.1781331,191.2247949,0.09,53.38892214
JE,Mauke,vaka,NA,NA,174.3240002,0.07,47.51133204
JE,Mauke,vaka,165.0337414,NA,185.7056245,0.09,47.1003398
JE,Mauke,vaka,209.1919874,207.5223512,217.935658,0.09,52.30199109
JE,Mauke,vaka,161.4219599,169.2744028,193.2394378,0.08,53.0194569
JE,Mauke,vaka,NA,NA,231.0937229,0.09,47.99891318
JE,Mauke,vaka,246.6538956,242.3779984,253.3271142,0.08,54.33207297
JE,Mauke,vaka,NA,NA,179.9691663,0.09,51.21671486
JE,Mauke,vaka,172.0285859,179.6395133,188.7750686,0.09,52.17341605
JE,Mauke,vaka,229.103056,222.400082,230.2826462,0.09,57.42978495
JE,Mauke,vaka,188.3804948,194.6705604,214.5828342,0.1,57.77111877
JE,Mauke,vaꞌine,177.4930668,191.6160309,224.044431,0.08,55.40768186
JE,Mauke,vaka,178.6953802,195.8621159,204.3891031,0.1,50.95711786
JE,Mauke,vaka,158.3939548,167.0457065,181.405219,0.08,52.76864601
JE,Mauke,vaka,NA,NA,197.9886238,0.09,50.14298072
JE,Mauke,vaka,151.5066835,167.5590687,196.1744114,0.09,49.76448466
JE,Mauke,vai,158.5719176,171.2787981,202.8969579,0.12,51.32555961
JE,Mauke,vaka,159.562398,178.2078704,207.4672968,0.11,51.54672565
JE,Mauke,vai,156.1560775,157.3111081,167.0979923,0.11,53.50777266
JE,Mauke,vaka,159.3501232,156.1164129,152.4813613,0.09,51.19709187
JE,Mauke,vaka,148.996458,159.3051034,174.4472181,0.08,51.7652575
JE,Mauke,vaka,147.3006716,157.647941,188.8520988,0.1,51.71750963
JE,Mauke,vaka,151.0631837,157.0122475,161.5287843,0.1,50.10438569
JE,Mauke,vaka,152.2224688,161.838888,183.4772669,0.1,52.37849445
JE,Mauke,vaka,148.4067414,152.9411941,172.4763186,0.09,50.3362535
JE,Mauke,vaka,167.6589093,188.5824699,221.5754294,0.1,53.00734636
JE,Mauke,vaka,219.9113625,223.8298554,237.4104708,0.09,55.17023943
JE,Mauke,vaka,161.6984077,177.1567622,199.068596,0.11,53.96155729
JE,Mauke,vaka,NA,NA,231.756936,0.11,49.63869962
JE,Mauke,vaka,154.49329,167.8640835,194.7382053,0.11,52.97154779
JE,Mauke,avanā,179.3092419,177.1422746,175.8766883,0.08,54.71758946
JE,Mauke,avanā,168.3370559,170.4506372,170.8435762,0.08,55.45230074
JE,Mauke,vaka,171.3812802,191.2041436,216.7245277,0.07,53.33867117
JE,Mauke,vaka,163.4346034,181.4354534,211.8470936,0.1,52.42027081
JE,Mauke,vai,161.5656867,175.1790082,202.483295,0.14,50.4074577
JE,Mauke,vaka,184.8603146,202.1851758,233.9345191,0.09,54.12813497
JE,Mauke,vai,187.5216807,204.474842,229.0403288,0.08,57.52693785
JE,Mauke,vaka,151.4560165,156.9742117,166.0591096,0.09,49.05598582
JE,Mauke,vaka,206.2929369,195.7231858,213.1850555,0.09,54.94938091
JE,Mauke,rava,147.2915182,151.3713832,158.1300644,0.08,58.77136864
JE,Mauke,rava,196.1467774,196.8128603,203.743015,0.11,55.55934389
JE,Mauke,rava,175.8435811,174.4372832,179.5594708,0.08,60.73540398
JE,Mauke,rava,230.2898818,225.8616554,227.8536061,0.11,58.6441929
JE,Mauke,rava,171.9834617,167.6426211,160.1543766,0.09,55.52568332
JE,Mauke,rava,165.657164,158.0807766,156.2900578,0.09,52.97014783
JE,Mauke,rave,NA,NA,NA,0.07,49.15493788
JE,Mauke,ruatakiva,182.7618204,156.9089808,153.2454363,0.1,55.69753962
JE,Mauke,vaꞌine,171.9244322,192.7419213,223.936594,0.06,55.98420838
JE,Mauke,vaꞌine,189.3858547,197.786202,229.926583,0.09,56.97362944
JE,Mauke,vaꞌine,224.3042576,233.5972375,258.3289147,0.09,58.82033719
JE,Mauke,vaꞌine,160.920783,176.6685949,214.9455222,0.08,55.41350923
JE,Mauke,vaꞌine,168.8044134,184.8533728,223.3442252,0.08,56.84646027
JE,Mauke,vaꞌine,154.1438429,159.5355683,200.3310545,0.09,57.69901498
JE,Mauke,rava,214.2000385,211.6087595,217.0439792,0.1,61.50902036
JE,Mauke,kaveinga,158.2307656,157.7704012,159.0764233,0.04,60.37203043
JE,Mauke,rava,256.8511541,248.2854993,238.4007035,0.08,61.76508646
JE,Mauke,kaveinga,192.6901377,197.7730169,211.3718331,0.06,59.35134578
JE,Mauke,vaꞌine,166.0450586,175.2824025,214.1207447,0.09,57.10732373
JE,Mauke,vaꞌine,193.4258717,191.1577969,207.7691223,0.07,56.32198725
JE,Mauke,raveꞌia,244.6583909,244.3081714,247.1548035,0.04,60.60605482
JE,Mauke,vaka,189.4835448,207.9519451,210.595451,0.04,63.23548224
JE,Mauke,vaka,165.1862571,163.9207998,189.6865095,0.09,54.70540611
JE,Mauke,vai,150.4652111,149.7324871,163.6164254,0.12,50.1872062
JE,Mauke,vaka,158.9065891,170.913459,198.9247265,0.11,52.8260619
JE,Mauke,veritūamaroa,176.4166296,184.368826,208.5467395,0.05,61.33390162
JE,Mauke,rava,184.0281051,189.20991,196.1132537,0.1,56.12072852
JE,Mauke,vaka,161.2968594,171.4325233,197.8525942,0.11,51.89035288
JE,Mauke,ava,211.4210233,218.4407187,231.2317298,0.11,55.01330192
JE,Mauke,vaka,168.6039386,167.5052163,187.237262,0.08,51.65488272
JE,Mauke,rava,197.3190073,198.4023355,203.3896487,0.09,60.38191386
JE,Mauke,veritūamaroa,168.549427,169.5065531,176.2360662,0.04,60.63865045
JE,Mauke,vaka,229.2846179,232.1853095,253.2245744,0.09,62.64998103
JE,Mauke,vaka,185.2970559,198.9123162,236.5181973,0.09,58.34340283
JE,Mauke,vaka,166.9467789,165.7924781,172.3173568,0.06,56.0843077
JE,Mauke,veritūamaroa,168.0743687,176.6275712,200.1983682,0.04,63.65676296
JE,Mauke,ava,178.6179127,181.9645768,191.2362011,0.09,55.48973462
JE,Mauke,ava,164.5481846,167.2372286,174.4208435,0.09,58.37618275
JE,Mauke,vaka,162.8892614,154.7316448,175.2900843,0.1,55.90628556
JE,Mauke,ava,148.3317425,149.2642362,155.913645,0.08,51.22945828
JE,Mauke,vaka,151.5251902,156.6462222,195.2146949,0.1,52.34238538
JE,Mauke,vaka,172.2611408,175.748151,177.7130453,0.06,60.05675027
JE,Mauke,ꞌakarevaꞌia,268.9852577,261.2573639,264.7984099,0.07,65.2493847
JE,Mauke,vaka,183.5454847,195.0944708,212.7847994,0.08,59.67558661
JE,Mauke,vaka,237.7678,243.4235948,254.9624394,0.05,62.22699158
JE,Mauke,ꞌakarevaꞌia,245.7288341,240.9362039,241.4637449,0.07,64.39327836
JE,Mauke,vaka,178.9158087,179.990236,198.3476427,0.08,57.69070324
JE,Mauke,vaka,151.0656708,159.4669215,192.3230969,0.1,51.71848284
JE,Mauke,vaka,184.1943573,187.0386367,198.9509895,0.08,55.66673869
JE,Mauke,vaka,205.7773336,211.5119871,223.5786117,0.07,60.77513541
JE,Mauke,vaka,164.8401658,168.8021088,183.7257849,0.08,55.91650917
JE,Mauke,vaka,156.7703596,157.9367665,162.7130479,0.1,49.92780151
JE,Mauke,vaka,146.2447127,142.1482822,163.9273151,0.09,48.45970613
JE,Mauke,ꞌakarevaꞌia,221.7071723,219.382729,235.3023967,0.07,59.0343979
JE,Mauke,vaka,164.0580377,173.5745228,185.5714465,0.06,56.4142241
JE,Mauke,vaka,197.8113692,208.1161691,217.7280032,0.06,61.59675299
JE,Mauke,ꞌakarevaꞌia,210.1738829,201.198516,211.293268,0.08,62.42611623
JE,Mauke,vaka,156.9567155,162.5512635,178.3768438,0.07,55.55140085
JE,Mauke,vaka,150.2841229,147.9244648,166.7433884,0.09,49.99868
JE,Mauke,vaka,156.6206605,159.7150595,172.0363312,0.09,53.36299093
JE,Mauke,vaka,172.4134916,181.4923409,194.0156172,0.07,55.52647639
JE,Mauke,vaka,146.7577482,153.748224,165.6660048,0.07,51.80105987
JE,Mauke,rave,260.2462004,257.3552797,262.6562128,0.07,62.36345086
JE,Mauke,vaꞌine,168.7770846,173.9355577,206.7790128,0.1,52.91817533
JE,Mauke,ava,158.9234077,153.962427,156.646686,0.09,54.11190334
JE,Mauke,vaka,NA,NA,NA,0.03,36.1810064
JE,Mauke,avaiki,216.0814361,217.5247379,219.338672,0.04,53.43037001
JE,Mauke,vaka,271.7157592,273.7170496,277.0769114,0.03,59.50332457
JE,Mauke,avaiki,219.5597206,222.0485433,221.1304536,0.08,53.18746081
JE,Mauke,vaka,218.3519252,218.1958826,218.0781534,0.01,55.69513685
JE,Mauke,vaka,275.9274651,277.5122205,278.459715,0.03,55.75133887
JE,Mauke,vaꞌine,198.4692875,225.7050854,268.8470378,0.07,54.63688871
JE,Mauke,vaꞌine,157.809303,166.7170301,173.5008109,0.04,47.66535402
JE,Mauke,kava,162.1345613,160.5223883,161.3278495,0.07,46.48530533
JE,Mauke,kava,162.1345613,160.5223883,161.3278495,0.07,46.48530533
JE,Mauke,avata,163.3297821,NA,NA,0.05,44.17090539
JE,Mauke,tūava,215.8783493,275.6406063,261.9694088,0.08,43.80854883
JE,Mauke,tūava,215.8783493,275.6406063,261.9694088,0.08,43.80854883
JE,Mauke,vairanga,173.1554489,180.7972407,179.1413371,0.04,54.63378936
JE,Mauke,vairanga,173.1554489,180.7972407,179.1413371,0.04,54.63378936
JE,Mauke,vēꞌi,148.41095,151.8128369,159.5754305,0.06,43.09522711
JE,Mauke,vēꞌi,148.41095,151.8128369,159.5754305,0.06,43.09522711
JE,Mauke,vēꞌī,168.5608192,169.5003818,179.787132,0.09,46.12773552
JE,Mauke,vēꞌī,168.5608192,169.5003818,179.787132,0.09,46.12773552
JE,Mauke,vaꞌine,197.7752054,217.8364242,231.8852659,0.07,58.99179343
JE,Mauke,vaꞌine,197.7752054,217.8364242,231.8852659,0.07,58.99179343
JE,Mauke,vēꞌī,161.2709903,165.4263439,176.9328816,0.04,42.63317853
JE,Mauke,vēꞌī,161.2709903,165.4263439,176.9328816,0.04,42.63317853
JE,Mauke,tūava,230.2298599,222.2550683,204.9761592,0.06,57.32972469
JE,Mauke,tūava,230.2298599,222.2550683,204.9761592,0.06,57.32972469
JE,Mauke,iva,191.6238289,192.2859594,192.3431249,0.03,54.43250465
JE,Mauke,vēꞌī,NA,NA,NA,0.01,NA
JE,Mauke,vēꞌi,158.549861,158.2660968,158.6172577,0.05,43.45090355
JE,Mauke,vēꞌī,150.5527358,154.9212294,163.7699225,0.07,40.25220164
JE,Mauke,vēꞌī,NA,NA,NA,0.01,NA
JE,Mauke,vēꞌi,158.549861,158.2660968,158.6172577,0.05,43.45090355
JE,Mauke,vēꞌī,150.5527358,154.9212294,163.7699225,0.07,40.25220164
JE,Mauke,vēꞌī,161.1995358,160.0990871,160.3415176,0.11,44.52002651
JE,Mauke,vēꞌī,161.1995358,160.0990871,160.3415176,0.11,44.52002651
JE,Mauke,rave,199.2931909,207.5024021,212.1728765,0.05,54.13384992
JE,Mauke,ovi,158.4386186,149.3352809,147.9930465,0.1,49.48487318
JE,Mauke,vaꞌo,138.5829132,145.261878,188.5878398,0.15,46.59072067
JE,Mauke,vai,153.0097991,154.342517,169.7080958,0.11,52.51034474
JE,Mauke,kava,177.9058669,150.943203,145.0319004,0.06,49.17340301
JE,Mauke,ovi,247.3643595,222.3787959,204.5006843,0.08,56.15759316
JE,Mauke,vairanga,179.0108727,183.1068493,194.682644,0.06,51.31227839
JE,Mauke,vai,209.2323947,207.1467408,215.8339476,0.11,56.06337557
JE,Mauke,kava,186.3698655,164.1911622,152.8837072,0.06,51.1268976
JE,Mauke,kaikava,196.9058574,179.1428064,183.4865082,0.07,58.10233704
JE,Mauke,nēneva,193.9432139,176.7693681,166.6210585,0.07,55.65171031
JE,Mauke,ovi,168.1202863,157.7735783,150.3562109,0.09,48.03171616
KDN,Rarotonga,rava,163.0486195,163.1854252,164.8000698,0.06,69.42431665
KDN,Rarotonga,dāvida,185.3366656,186.2194906,186.8170857,0.03,72.92951304
KDN,Rarotonga,dāvida,164.0848126,163.730714,161.4510627,0.03,68.21242294
KDN,Rarotonga,vaꞌine,150.2001265,158.5840508,174.9798816,0.04,64.10233649
KDN,Rarotonga,rava,189.5262688,190.4780031,191.7027963,0.09,66.70356227
KDN,Rarotonga,vaꞌī,163.8112431,159.7567558,152.6930166,0.03,66.77715874
KDN,Rarotonga,rava,193.5177828,184.4651198,183.7253177,0.08,66.16909406
KDN,Rarotonga,rava,196.0870658,196.3950482,193.1143763,0.07,64.13689113
KDN,Rarotonga,rava,140.9453029,141.9241064,145.0934315,0.04,60.06804464
KDN,Rarotonga,dāvida,159.9833897,157.9585955,155.5862579,0.03,70.90476776
KDN,Rarotonga,vaꞌī,167.3886498,170.5426231,170.6996428,0.03,66.83027513
KDN,Rarotonga,va,NA,NA,NA,0.03,41.25086239
KDN,Rarotonga,vaꞌīꞌia,133.3238742,141.1987304,140.4797705,0.07,58.83285851
KDN,Rarotonga,viviki,187.6796914,188.8215891,190.9071492,0.03,64.98872318
KDN,Rarotonga,viviki,192.214409,196.5949754,205.324161,0.08,63.19945255
KDN,Rarotonga,vai,156.9784706,163.5393745,169.9301948,0.04,57.46851622
KDN,Rarotonga,rava,153.075116,152.8686235,152.4038036,0.03,68.44576474
KDN,Rarotonga,varu,175.2165276,167.6709283,158.4596738,0.04,68.33902117
KDN,Rarotonga,vaꞌine,150.987494,154.1335996,156.9878625,0.03,68.05615202
KDN,Rarotonga,rava,169.5475095,173.9188434,174.4097055,0.05,66.58547473
KDN,Rarotonga,rava,171.8582879,171.3835592,170.4209788,0.03,69.39697893
KDN,Rarotonga,vaerua,150.8055189,153.6446952,156.5206095,0.03,65.45901214
KDN,Rarotonga,vaerua,155.5728321,158.6751162,168.7526652,0.05,65.8937979
KDN,Rarotonga,vaerua,165.2124182,181.0607224,187.41923,0.04,61.6647351
KDN,Rarotonga,rave,175.2767342,175.739425,172.1467971,0.06,68.54759397
KDN,Rarotonga,tāvini,162.789588,163.6790546,165.1596904,0.04,74.40051467
KDN,Rarotonga,rava,156.8867423,158.4949775,159.3235051,0.03,69.55254945
KDN,Rarotonga,vaꞌine,159.8981349,164.5304489,168.6756122,0.03,71.94041193
KDN,Rarotonga,vaꞌine,154.792381,154.1572527,155.0344641,0.03,69.60288992
KDN,Rarotonga,rava,170.882245,171.9484,170.9753879,0.03,71.02328581
KDN,Rarotonga,peroveta,204.251718,204.5542001,204.8377622,0.01,75.53369758
KDN,Rarotonga,vaꞌine,165.1882032,168.012697,178.0734635,0.07,66.63232096
KDN,Rarotonga,varangau,161.2551019,159.216351,156.5986259,0.03,77.25897834
KDN,Rarotonga,varu,158.0936677,168.0508718,185.4522907,0.09,67.25426413
KDN,Rarotonga,rava,154.384959,154.2359147,154.6213722,0.03,73.88570854
KDN,Rarotonga,rave,196.7111458,198.526832,201.0515532,0.07,61.51192925
KDN,Rarotonga,rava,201.1988382,200.2789841,200.2269977,0.06,64.10091679
KDN,Rarotonga,vaꞌine,157.2472302,153.7982121,151.5021114,0.03,68.76914823
KDN,Rarotonga,vaꞌine,173.2957331,173.2788208,164.5217365,0.04,67.86852083
MM,Mauke,vaka,133.5680675,135.1516162,138.4930894,0.03,75.39618743
MM,Mauke,vaka,144.664087,154.6920968,163.6756425,0.03,74.20290227
MM,Mauke,evenheria,167.9802281,169.3679584,170.7556886,0.01,77.26849915
MM,Mauke,rave,140.3051606,132.7849123,127.1420741,0.06,75.19061229
MM,Mauke,vai,NA,131.0998103,133.6603818,0.03,79.24730083
MM,Mauke,vaꞌine,121.5090675,123.1843884,124.6275492,0.03,74.12698042
MM,Mauke,rave,132.7653705,133.1152345,133.1020317,0.03,74.00433678
MM,Mauke,vaitata,107.4436507,110.3776297,111.8862008,0.03,76.44401629
MM,Mauke,vaitata,101.2505998,105.2877868,108.8710648,0.03,62.70171121
MM,Mauke,tāviri,85.95457252,NA,NA,0.16,66.53482171
MM,Mauke,vaꞌine,160.4099459,NA,83.83398528,0.03,76.11538309
MM,Mauke,rava,93.71143526,91.06752485,90.75123547,0.08,68.43472122
MM,Mauke,ava,153.2009178,150.9943109,147.7243882,0.03,83.58147885
MM,Mauke,vaꞌine,NA,NA,NA,0.03,66.17642727
MM,Mauke,vaka,275.3642237,283.8047145,297.6827835,0.03,63.96232226
MM,Mauke,iva,110.2163498,110.2163498,NA,0.01,68.76406317
MM,Mauke,iva,107.3614769,108.1270842,108.6616892,0.03,68.19363978
MM,Mauke,iva,194.989738,198.0474814,202.2205662,0.03,68.46374721
MM,Mauke,rave,98.91391884,97.81062729,98.64929795,0.09,68.30422363
MM,Mauke,vaꞌine,152.6263668,156.4873695,159.1468419,0.03,77.32924249
MM,Mauke,vaka,NA,NA,NA,0.03,72.96881667
MM,Mauke,rave,149.1859522,150.8892432,153.407143,0.09,75.13750064
MM,Mauke,kava,94.89242579,95.25270806,95.29055014,0.03,72.01628351
MM,Mauke,vaka,219.2592774,216.9623982,213.2800779,0.03,66.69747867
MM,Mauke,rave,78.00162709,76.56809068,NA,0.03,67.95964202
MM,Mauke,kavamani,141.5777488,143.0510789,144.8401963,0.03,68.14709795
MM,Mauke,vaꞌine,119.4955759,119.0263837,118.7591859,0.03,71.66357163
MM,Mauke,vaꞌine,97.3938131,98.60772581,100.1769614,0.03,70.36287158
MM,Mauke,vaitata,99.97353199,102.4446764,103.2550773,0.03,73.97923316
MM,Mauke,rave,203.3037117,202.1716545,223.8620955,0.08,65.29190177
MM,Mauke,vaꞌine,97.04916062,97.09046465,97.28274228,0.03,66.92980867
MM,Mauke,vaka,127.9871024,126.1720604,125.4736791,0.03,62.96399863
MM,Mauke,vaka,96.99370769,95.7926354,93.19618375,0.05,72.40223104
MM,Mauke,vai,142.8207869,146.9217549,147.1958532,0.04,79.71916307
MM,Mauke,vaꞌa,116.4662043,118.5720306,119.7057035,0.04,72.14576164
MM,Mauke,vāvie,100.3013788,100.3193513,100.3373238,0.01,73.66564506
MM,Mauke,vāvie,109.3643821,115.7457703,123.2088385,0.04,74.28813654
MM,Mauke,rave,101.4257553,101.8180313,101.6939099,0.03,70.00746303
MM,Mauke,vaiꞌo,NA,NA,NA,0.04,77.0837078
MM,Mauke,rave,125.898202,128.6218019,131.9577787,0.08,73.70354608
MM,Mauke,rave,131.300251,134.5209452,136.8316592,0.05,77.75019678
MM,Mauke,vai,101.1744118,103.6313117,105.4051649,0.06,72.0053775
MM,Mauke,vai,102.5932347,104.5121583,104.2004296,0.05,72.16482648
MM,Mauke,vaka,162.9276703,170.5707263,176.5818527,0.03,72.64823586
MM,Mauke,iva,NA,NA,NA,0.03,74.56323723
MM,Mauke,iva,121.054764,123.9374172,126.1025197,0.03,74.37895646
MM,Mauke,iva,180.1174379,182.5377093,184.9942095,0.01,79.36659898
MM,Mauke,vaꞌine,168.1094479,170.9478254,173.2284016,0.03,78.41531996
MM,Mauke,rava,82.58829736,82.84626038,83.35390169,0.1,67.00263354
MM,Mauke,vaka,147.3454198,159.2888185,173.8415603,0.04,73.74370175
MM,Mauke,ava,155.7065988,157.7148786,159.5467956,0.03,78.51018074
MM,Mauke,vaka,NA,NA,NA,0.03,63.96945356
MM,Mauke,vaka,160.356726,172.2816444,179.9284606,0.04,75.31192643
MM,Mauke,vaka,123.8236514,123.6291652,124.0850165,0.03,66.02797524
MM,Mauke,vai,151.3885189,172.2342724,181.2461119,0.05,72.2015314
MM,Mauke,raveꞌia,124.4476685,123.4416977,119.6116012,0.04,71.90801075
MM,Mauke,vaꞌine,NA,NA,NA,0.03,77.22732393
MM,Mauke,vai,127.761441,128.4331588,129.2316919,0.03,75.60944051
MM,Mauke,vaka,146.1171725,167.5985275,189.9030538,0.09,71.98399696
MM,Mauke,vaꞌine,134.5238938,137.727363,141.3177949,0.03,78.15123361
MM,Mauke,vaka,111.4224791,124.8294399,130.7541019,0.11,69.6565722
MM,Mauke,raveꞌia,144.0088492,154.1627553,151.8733052,0.08,74.69929934
MM,Mauke,vaꞌine,101.7727422,101.6008395,101.7005551,0.03,72.29634944
MM,Mauke,vaka,NA,NA,79.10498494,0.03,78.88266691
MM,Mauke,kava,NA,NA,NA,0.05,62.92515353
MM,Mauke,vaꞌa,NA,96.60070503,108.9902312,0.07,69.97970276
MSC,Mauke,vaiꞌī,NA,NA,NA,0.08,38.65059396
MSC,Mauke,vaiꞌī,146.3322746,151.6265213,163.9464232,0.12,47.19125374
MSC,Mauke,vaꞌo,167.5320812,183.4863962,200.9986237,0.07,52.97308528
MSC,Mauke,ravaꞌia,181.5882112,179.8635322,183.5577351,0.09,49.86316336
MSC,Mauke,vaka,161.2929869,173.5786294,184.4468451,0.05,53.76120735
MSC,Mauke,vaitata,NA,NA,183.3387522,0.03,57.00512945
MSC,Mauke,tuaꞌivi,139.5013323,135.2670996,134.8125965,0.03,47.43737789
MSC,Mauke,rava,268.4733714,276.6083356,289.9793293,0.07,52.33032022
MSC,Mauke,vai,174.6167398,181.4286536,200.418482,0.05,56.72110463
MSC,Mauke,ꞌavaiki,180.6769706,187.6569752,205.293749,0.06,48.83759371
MSC,Mauke,rava,215.1300614,215.5446466,225.1837125,0.06,52.85597919
MSC,Mauke,vaerua,156.7394836,163.6158776,178.4188565,0.04,49.81329496
MSC,Mauke,rava,138.1248186,148.6538077,154.068342,0.1,47.08637794
MSC,Mauke,ꞌavaiki,139.1657132,144.8136347,149.6198269,0.1,43.79808648
MSC,Mauke,viviki,155.3842655,154.8149474,154.8080836,0.03,54.01879288
MSC,Mauke,viviki,194.1542005,206.8712948,222.0755426,0.03,59.9433944
MSC,Mauke,rava,195.2880314,194.7366515,208.2370689,0.06,52.47874663
MSC,Mauke,vaiꞌī,169.0087797,178.5436938,183.3354325,0.03,58.62358234
MSC,Mauke,vaiꞌī,199.0258917,213.0669516,212.4532615,0.03,54.67847197
MSC,Mauke,vai,159.4292444,167.7824667,174.9963295,0.03,54.851856
MSC,Mauke,vai,NA,192.1146737,186.8778,0.03,60.26999698
MSC,Mauke,vai,154.0725136,154.3607415,NA,0.11,39.50285599
MSC,Mauke,vaiꞌī,NA,187.2614781,180.1953193,0.03,59.29339761
MSC,Mauke,vaitata,NA,218.020771,201.4134531,0.03,56.46562937
MSC,Mauke,rava,139.4727411,138.7837214,141.6294738,0.08,50.62487813
MSC,Mauke,vaitata,NA,NA,207.327579,0.03,49.93834361
MSC,Mauke,vaiꞌī,225.4257662,214.3688495,206.4376196,0.03,57.96032197
MSC,Mauke,vaꞌo,171.4473526,174.7934885,179.236675,0.08,50.59783332
MSC,Mauke,oꞌavaiki,135.268133,NA,NA,0.07,38.43663
MSC,Mauke,vaiꞌī,173.0437649,177.9195206,176.7949304,0.03,55.80173966
MSC,Mauke,vaꞌo,NA,201.6303064,200.9160822,0.03,62.20152779
MSC,Mauke,rava,170.1476434,176.5328574,192.044263,0.1,48.96461671
MSC,Mauke,vai,221.4471572,227.7553064,228.7566397,0.03,59.12399461
MSC,Mauke,vave,176.673898,191.554638,210.6900966,0.05,56.14629325
MSC,Mauke,vave,206.313817,206.8117054,210.017,0.07,49.31002836
MSC,Mauke,evangeria,148.6759953,149.7281467,153.6239086,0.08,45.56913546
MSC,Mauke,kavamani,213.1797428,214.2603057,221.8051021,0.05,55.60069208
MSC,Mauke,vaꞌine,202.8808655,206.6105956,205.9947295,0.03,58.33518795
MSC,Mauke,kavamani,225.4222282,229.4098167,236.0302043,0.03,58.65520903
MSC,Mauke,vaꞌeꞌau,144.4617872,145.0311107,146.2453563,0.03,56.73717127
MSC,Mauke,vaka,173.4344464,180.6566581,192.2950642,0.06,58.00099393
MSC,Mauke,vaikinga,171.2972816,187.3274339,205.4866818,0.05,49.25964737
MSC,Mauke,vairanga,220.208271,238.4879028,238.3309814,0.03,53.33069063
MSC,Mauke,vairanga,147.6292673,157.3848844,173.4821,0.12,45.71702717
MSC,Mauke,vaiꞌī,NA,NA,NA,0.03,50.1637878
MSC,Mauke,ravaꞌia,147.530726,154.3388146,160.5067007,0.1,44.30220858
MSC,Mauke,vaikinga,160.5421835,169.6425013,173.2064596,0.05,51.74229712
MSC,Mauke,raveꞌanga,154.1411557,147.1635815,155.0680988,0.07,51.034406
MSC,Mauke,kaveinga,152.36247,147.6539242,158.5405539,0.08,53.66602107
MSC,Mauke,reva,121.9311846,125.168545,134.634271,0.08,46.32242281
MSC,Mauke,varani,157.5560849,160.446179,167.6748859,0.03,54.23574946
MSC,Mauke,rave,166.4845196,172.0924995,181.0779905,0.08,54.49650738
MSC,Mauke,ꞌavaiki,120.6160819,140.9785741,146.6681359,0.04,56.287877
MSC,Mauke,avaiki,NA,NA,180.6297578,0.06,38.96783152
MSC,Mauke,kaveinga,213.6319723,209.4251508,215.71204410000001,0.08,51.13259591
MSC,Mauke,rava,253.8122377,242.9686844,231.4887305,0.03,63.49284861
MSC,Mauke,varāoa,144.1810198,150.1980423,162.5040304,0.08,45.32548504
RP,Rarotonga,raveꞌia,277.7371583,279.5070923,281.2811243,0.01,79.29381702
TA,Atiu,vāvia,142.4876794,151.8107855,150.1409745,0.07,72.63346733
TA,Atiu,vāvia,151.8614115,157.3355461,159.3586098,0.12,65.94513106
TA,Atiu,tāviri,151.7674654,150.2858319,148.2650297,0.03,63.74718529
TA,Atiu,avatea,120.0276184,120.2638833,125.8346534,0.11,53.85199212
TA,Atiu,avatea,148.0584899,148.2406645,147.8626697,0.07,61.05463281
TA,Atiu,avatea,125.595395,123.0549662,127.8549146,0.07,41.99715681
TA,Atiu,avatea,163.6366459,163.2081881,162.1738987,0.03,63.837989
TA,Atiu,vai,121.5961738,120.6168177,120.1727331,0.03,55.71858246
TA,Atiu,vāvia,157.4977716,158.5430404,154.0377238,0.07,64.63366964
TA,Atiu,vāvia,150.7027864,148.8692506,141.6171457,0.11,64.10927134
TA,Atiu,vai,108.3814154,120.53576,124.7615342,0.05,55.08111247
TA,Atiu,kauvai,131.8946046,130.9104174,134.2287647,0.1,55.34045788
TA,Atiu,vai,122.9493959,120.8971188,121.4053719,0.07,59.35320871
TA,Atiu,āvota,119.3195619,124.3542617,131.8394873,0.06,49.88244971
TA,Atiu,ꞌārāvei,124.4489593,127.0576533,130.0383574,0.07,48.36011555
TA,Atiu,rave,145.3764094,145.8743797,146.8070523,0.04,60.27893913
TA,Atiu,iva,118.2839594,124.3454994,130.7238007,0.08,52.70838546
TA,Atiu,ava,128.5915614,127.0908009,127.4540488,0.08,54.08201907
TA,Atiu,ava,160.6463967,157.4396747,158.282032,0.07,58.06060793
TA,Atiu,ava,131.7166989,134.1155395,140.2238473,0.14,48.40480522
TA,Atiu,kave,167.0962518,169.8547228,172.2598026,0.03,65.96487054
TA,Atiu,raveꞌanga,147.5712633,146.8588546,149.3232963,0.06,54.22366349
TA,Atiu,vai,168.4580573,173.2701827,178.8340105,0.07,61.55405126
TA,Atiu,vai,119.3475413,119.0523943,122.8891127,0.06,55.70843761
TA,Atiu,vai,119.3475413,119.0523943,122.8891127,0.06,55.70843761
TA,Atiu,vaꞌine,144.0680995,145.0043738,144.69175,0.03,57.78194592
TA,Atiu,vai,154.2823473,156.9750296,159.2118063,0.04,58.01399383
TA,Atiu,vaꞌine,116.6733951,112.5395067,113.1171992,0.07,49.92166062
TA,Atiu,rava,118.4489473,119.1420841,119.6035734,0.03,59.5495455
TA,Atiu,rave,153.1907279,151.7487576,154.3126065,0.07,52.00795599
TA,Atiu,vaꞌine,188.4987684,189.7326132,190.0931037,0.03,65.12885883
TA,Atiu,vāvia,194.9382285,201.2710096,210.6366749,0.13,67.91202382
TA,Atiu,vāvia,221.1578486,231.971856,243.0134687,0.11,64.81402582
TA,Atiu,vāvia,209.3166237,211.906936,214.8879308,0.05,69.61780462
TA,Atiu,vāvia,209.6219599,210.5143696,211.4272636,0.03,72.15442072
TA,Atiu,ꞌakavā,128.9598026,134.4331227,144.6864028,0.19,57.8520365
TA,Atiu,ꞌakavā,116.5308543,123.237413,125.6065206,0.14,53.27319813
TA,Atiu,ꞌakavā,128.9598026,134.4331227,144.6864028,0.19,57.8520365
TA,Atiu,ꞌakavā,116.5308543,123.237413,125.6065206,0.14,53.27319813
TA,Atiu,vai,133.9555698,132.7876805,132.3130051,0.03,62.542677
TA,Atiu,vai,179.2147362,180.0257423,181.3197494,0.03,61.54716585
TA,Atiu,vai,121.0516371,120.714175,120.8318765,0.03,58.78955738
TA,Atiu,vai,151.5247958,154.8422643,160.3239067,0.06,54.04902347
TA,Atiu,ꞌārāvei,124.6324998,124.6827481,126.5845713,0.06,52.69286393
TA,Atiu,vai,146.6899866,146.8613539,150.5220576,0.05,57.9980517
TA,Atiu,vaꞌo,127.8265482,126.9820295,126.3797241,0.03,59.65632485
TA,Atiu,vai,147.8939346,152.2342143,158.1877629,0.06,65.32404153
TA,Atiu,vai,122.4996705,117.5543157,116.9083404,0.07,58.33471581
TA,Atiu,vai,110.0545916,112.1314289,113.4926132,0.08,55.66064552
TA,Atiu,vai,137.0523224,136.746695,138.3351583,0.04,59.30760001
TA,Atiu,vai,127.5931452,128.5876206,131.0239794,0.06,57.30561601
TA,Atiu,vai,139.1131768,140.5439913,143.8934182,0.09,59.67699383
TA,Atiu,vai,117.2977889,117.2135823,123.9542174,0.08,52.68040171
TA,Atiu,ava,141.4205323,141.8125367,145.0028496,0.11,54.18315065
TA,Atiu,kavamani,146.5663545,148.820738,153.9322451,0.03,69.38553536
TA,Atiu,vai,171.1604669,172.8308628,171.7420833,0.05,69.56381928
TA,Atiu,vai,183.1216098,189.8671754,197.676973,0.04,60.2307468
TA,Atiu,vai,184.8733024,188.0227895,191.6965679,0.05,54.64054625
TA,Atiu,vai,119.8906408,119.5297163,121.5506155,0.07,53.88888753
TA,Atiu,ava,119.6032629,118.2317918,111.5702251,0.05,49.5922444
TA,Atiu,iva,134.7309845,134.0646947,136.6205306,0.09,54.71159945
TA,Atiu,vai,172.6753982,178.748869,192.1849681,0.09,54.58779583
TA,Atiu,vai,134.7470094,134.2614721,136.2025616,0.04,57.76867236
TA,Atiu,vāvia,138.292546,138.031526,135.9588524,0.06,62.29483289
TA,Atiu,vāvia,129.6457033,130.9194261,130.0604253,0.1,57.46179617
TA,Atiu,manukavamani,152.0728453,153.8013933,156.5530574,0.03,72.29148639
TA,Atiu,ꞌārāvei,131.0148685,131.6703988,139.8389671,0.11,49.55884501
TA,Atiu,ꞌārāvei,133.3284618,133.6134427,137.5193782,0.1,54.02394025
TA,Atiu,vaꞌo,177.5329212,178.4605599,178.8520518,0.04,63.12792212
TA,Atiu,kauvai,131.9873252,131.2030288,136.3035053,0.09,59.44630241
TA,Atiu,rave,179.2487305,189.7724268,213.086451,0.08,56.0959387
TA,Atiu,vai,128.8204686,129.6852025,132.7966596,0.07,55.69368796
TA,Atiu,ꞌakavā,109.8767943,107.7380018,105.1692573,0.04,50.70642825
TA,Atiu,ꞌakavā,109.8767943,107.7380018,105.1692573,0.04,50.70642825
TA,Atiu,vī,140.5540581,149.425483,167.8182668,0.1,51.52841099
TA,Atiu,vari,116.1345228,123.1471312,131.2750012,0.05,46.30112599
TA,Atiu,vari,126.3199411,128.242259,131.5581761,0.03,55.83931214
TA,Atiu,ava,135.8706227,142.7506414,136.9814201,0.13,53.07334692
TA,Atiu,ava,110.208328,115.0860597,118.0947771,0.1,52.79598089
TA,Atiu,vai,140.239472,140.6741111,142.973877,0.05,57.07587327
TA,Atiu,vai,149.4205133,148.3552355,147.3981678,0.03,59.72923647
TA,Atiu,vai,141.7498854,149.0276457,162.1262965,0.08,61.60002231
TA,Atiu,vai,114.4096268,121.3587604,130.5635783,0.07,60.16927206
TA,Atiu,vī,111.2448479,116.6304411,128.1732955,0.11,52.9732192
TA,Atiu,ava,121.8850562,126.5011724,130.8498863,0.1,46.52054778
TA,Atiu,vai,123.1522574,125.0487396,135.0117132,0.06,59.36685356
TA,Atiu,ꞌakaꞌārāveiꞌanga,131.5337519,123.6036058,118.9419863,0.12,56.44644872
TA,Atiu,varu,124.4711639,123.9091418,130.1551156,0.07,58.51284705
TA,Atiu,iva,124.4744452,131.106991,134.5865582,0.12,54.05825096
TA,Atiu,vēꞌi,124.2414066,124.1806732,124.1199398,0.01,59.29614138
TA,Atiu,vai,NA,NA,NA,0.06,70.37215786
TA,Atiu,vai,122.6478885,124.4151001,124.4810943,0.05,57.90010626
TA,Atiu,vai,105.2892199,108.4100927,110.7072815,0.08,52.83975178
TA,Atiu,iva,108.0592278,114.3690956,117.6288292,0.09,50.24981915
TA,Atiu,varu,123.0666918,126.5064454,131.477063,0.08,51.62743739
TA,Atiu,vai,132.4675088,142.023111,153.4474388,0.1,54.83613256
TA,Atiu,vaipuke,NA,170.9854588,172.2187371,0.04,74.42647592
TA,Atiu,ava,133.1719314,132.1615689,128.768765,0.12,50.02860812
TA,Atiu,rava,174.4348872,176.8993604,179.0808541,0.05,61.56894963
TA,Atiu,vai,140.9410197,142.6653253,145.544312,0.03,61.22541998
TA,Atiu,vaipuke,138.7764153,139.4387778,143.8114639,0.04,66.2631055
TA,Atiu,vaka,113.161509,114.2397704,117.1159382,0.09,52.44704384
TA,Atiu,varaoa,138.7626274,135.0619693,132.6057695,0.03,62.18599287
TA,Atiu,vai,141.3667827,145.6234953,151.3593254,0.03,56.20679319
TA,Atiu,rāvenga,191.3897718,191.8717612,192.6856469,0.03,70.10907013
TA,Atiu,vai,154.4833158,159.0158766,164.3548516,0.04,59.67178316
TA,Atiu,vai,146.1817,148.2778565,156.6522854,0.08,58.8949519
TA,Atiu,vai,135.8634393,135.6223394,135.3589793,0.03,59.41805437
TA,Atiu,vai,179.7662217,181.7689753,183.9832065,0.03,61.47183963
TA,Atiu,tuava,NA,NA,NA,0.04,40.54177587
TA,Atiu,tuava,NA,NA,NA,0.03,48.17533509
TA,Atiu,ava,200.229984,203.8686387,204.3492508,0.11,56.41402701
TA,Atiu,vai,146.6224976,147.7929191,150.5847526,0.04,60.31866462
TA,Atiu,varaoa,154.6617692,153.3428709,152.9939232,0.03,51.87236355
TA,Atiu,varaoa,149.3441607,144.6750427,142.2707952,0.03,48.0139192
TA,Atiu,vē,NA,NA,NA,0.01,35.06081292
TA,Atiu,vēꞌi,155.4136528,155.8058592,156.2275706,0.01,56.55930542
TA,Atiu,vēꞌi,128.8819002,129.0175733,129.1532464,0.01,60.34341324
TMT,Rarotonga,tv,151.337628,154.3637917,156.0310494,0.07,54.21868812
TMT,Rarotonga,rava,187.2207048,184.6342637,190.9170049,0.08,58.51959044
TMT,Rarotonga,vora,NA,193.5330968,192.4275425,0.03,64.90252163
TMT,Rarotonga,vorapī,196.4403663,203.8732681,208.9601416,0.05,60.08090981
TMT,Rarotonga,kave,187.2222896,182.0284453,176.834601,0.01,58.87526841
TMT,Rarotonga,vaevae,176.0664272,172.1772609,181.9133943,0.09,57.13772578
TMT,Rarotonga,vaevae,179.5078646,162.653169,188.5917966,0.1,53.97354705
TMT,Rarotonga,tv,179.7731039,185.0778316,192.6276576,0.06,58.92372969
TMT,Rarotonga,tv,NA,NA,NA,0.01,39.47888413
TMT,Rarotonga,rave,152.2465916,158.193269,166.1123056,0.05,58.93575683
TMT,Rarotonga,tv,218.8047938,219.8051315,218.6013306,0.03,67.38033758
TMT,Rarotonga,vitiō,234.3160176,238.3894748,252.0423416,0.05,61.62223366
TMT,Rarotonga,vaꞌo,162.3322016,166.7135439,183.2352375,0.09,54.74169635
TMT,Rarotonga,rave,173.1952875,178.0423661,187.2472042,0.03,65.91908892
TMT,Rarotonga,reva,225.2283938,207.0156353,199.3115861,0.11,57.99118518
TMT,Rarotonga,vaꞌine,163.7656077,179.0956949,216.2550866,0.07,57.34803646
TMT,Rarotonga,rave,264.5272935,273.456209,283.6170429,0.04,60.44436381
TMT,Rarotonga,vaꞌo,174.7057229,214.7427637,230.2288946,0.05,62.09278297
TMT,Rarotonga,verovero,239.8628355,244.4317629,246.667749,0.03,64.67215376
TMT,Rarotonga,verovero,241.519443,242.3193003,243.1191576,0.01,70.9717335
TMT,Rarotonga,rave,235.2678925,238.4781033,258.9135576,0.06,58.46736488
TMT,Rarotonga,reva,166.0444915,164.6415886,174.3329439,0.09,55.20746788
TMT,Rarotonga,vairanga,171.914015,187.0601487,203.3394925,0.05,57.62957779
TMT,Rarotonga,ꞌāviri,235.8843587,233.2275461,249.3024503,0.07,59.29200567
TPT,Rarotonga,levi,164.6901321,159.116373,151.634626,0.04,60.77871939
TPT,Rarotonga,ravakai,163.3565974,179.047292,188.2255224,0.06,55.23310841
TPT,Rarotonga,rava,198.7995695,201.3252994,206.0803521,0.07,59.79153171
TPT,Rarotonga,rave,147.9823123,147.0307908,145.6035085,0.03,52.08088018
TPT,Rarotonga,vaitata,NA,135.188857,138.5221139,0.03,51.31900068
TPT,Rarotonga,rava,182.1492126,181.7903536,180.1774909,0.03,61.16930985
TPT,Rarotonga,rava,NA,NA,NA,0.03,41.01491276
TPT,Rarotonga,rava,203.2640709,194.1266117,185.3853686,0.03,65.72908165
TPT,Rarotonga,vavaria,NA,173.022329,171.8520635,0.03,67.33881147
TPT,Rarotonga,vavaria,194.5344267,199.0862544,211.536707,0.05,60.5870554
TPT,Rarotonga,rava,211.9726197,215.4207831,215.1551888,0.07,62.28111173
TPT,Rarotonga,vaitata,105.711446,132.31225,215.6006493,0.03,56.41595981
TPT,Rarotonga,vila,197.3200055,206.1190128,211.3290672,0.03,56.6284211
TPT,Rarotonga,ravarai,155.954699,154.5848716,156.8058796,0.07,58.65795284
TPT,Rarotonga,rave,171.8257403,170.7151792,168.7065523,0.07,60.75461504
TPT,Rarotonga,rave,188.7909659,194.118812,194.179381,0.06,58.45892051
TPT,Rarotonga,rave,242.2890696,245.8029564,251.6168525,0.04,59.00567192
TPT,Rarotonga,levi,172.1244222,173.3332068,174.5419913,0.01,73.01558186
TPT,Rarotonga,vaoo,159.8293827,162.5268079,164.895742,0.03,66.21585191
TPT,Rarotonga,levi,202.7846486,202.1186638,201.4526789,0.01,66.26246291
TPT,Rarotonga,vai,187.4211138,191.6617549,203.1655695,0.04,62.49939317
TPT,Rarotonga,rava,262.4607408,254.8271933,257.7445844,0.03,68.89568392
TPT,Rarotonga,vave,190.357318,198.1409022,204.6452976,0.05,62.18967729
TPT,Rarotonga,vave,215.578538,212.6127544,211.110486,0.04,61.50345972
TPT,Rarotonga,dāvida,145.4867149,144.9697047,NA,0.04,53.66160133
TPT,Rarotonga,rave,159.5438135,167.3539224,179.5802404,0.04,56.96683161
TPT,Rarotonga,rave,223.554672,224.3233775,224.42758,0.03,60.36693846
TPT,Rarotonga,rava,193.7928798,196.509743,194.8369007,0.03,63.32447792
TPT,Rarotonga,vaerua,143.9062997,150.3516442,155.2681591,0.05,61.0850166
TPT,Rarotonga,viꞌiviꞌi,181.9696386,182.9640619,203.7690061,0.06,54.88136257
TPT,Rarotonga,viꞌiviꞌi,195.0248188,183.5359895,178.0969042,0.08,61.03012344
TPT,Rarotonga,peroveta,133.0052788,132.2732746,131.6275669,0.01,64.177875
TPT,Rarotonga,rava,182.2280804,182.4666072,186.0005891,0.07,55.93996294
TPT,Rarotonga,peroveta,NA,75.68530333,NA,0.03,60.62123318
TPT,Rarotonga,rave,252.3160867,246.5226761,223.7242356,0.07,60.2865087
TPT,Rarotonga,rave,185.1994504,184.9791116,177.4193974,0.06,60.45023701
TPT,Rarotonga,rave,164.1266302,161.3967016,160.9072317,0.03,61.57894818
TPT,Rarotonga,rave,148.8222171,166.017241,162.4935234,0.06,57.90821531
TPT,Rarotonga,rave,146.9851461,147.532022,148.5538261,0.03,52.44179733
TPT,Rarotonga,rave,173.422295,172.5059598,170.5236966,0.06,57.66907467
TPT,Rarotonga,rave,180.9963091,179.2687304,178.0669359,0.03,68.62054346
TPT,Rarotonga,rava,NA,NA,125.6476171,0.07,52.81575856
TPT,Rarotonga,ꞌakavāꞌanga,195.2627153,198.7181186,203.9362055,0.08,59.15018825
TPT,Rarotonga,ꞌakavā,172.8723466,174.6836208,176.7758423,0.03,65.63228131
TPT,Rarotonga,ꞌakavāꞌia,170.0199816,160.9913038,NA,0.1,48.60283518
TPT,Rarotonga,vaꞌarua,NA,NA,NA,0.03,58.54831708
TPT,Rarotonga,vaꞌa,NA,NA,NA,0.03,53.91243884
TPT,Rarotonga,rave,173.2174574,125.3477226,78.11565115,0.05,62.82299647
TPT,Rarotonga,vai,178.7407417,190.0978313,205.0349747,0.04,61.06920511
TPT,Rarotonga,viviki,142.4698221,144.0747679,143.2433978,0.03,56.68766071
TPT,Rarotonga,viviki,160.3140084,179.0348419,189.5517819,0.09,63.3007367
TPT,Rarotonga,rava,219.849751,219.2856567,219.0031685,0.03,66.04152393
TPT,Rarotonga,vai,NA,177.1455767,184.3295363,0.04,62.51997249
TPT,Rarotonga,vai,189.3512717,189.1350335,191.7766676,0.04,62.31965962
TPT,Rarotonga,viviki,202.9554718,198.8695294,199.6974647,0.09,63.0578791
TPT,Rarotonga,viviki,210.9826678,214.2515686,218.1566155,0.03,63.16907401
